CREATE TABLE test.v1 (a int, b int);
INSERT INTO test.v1 VALUES (1, 100), (2, 200), (3, 300);
CREATE TABLE test.t1 (a int, b int);
INSERT INTO test.t1 VALUES (1, 100), (2, 200), (3, 300);
TRUNCATE TABLE performance_schema.events_statements_summary_by_digest;
EXPLAIN EXTENDED SELECT * from test.v1;
id	select_type	table	type	possible_keys	key	key_len	ref	rows	filtered	Extra
1	SIMPLE	v1	ALL	NULL	NULL	NULL	NULL	3	100.00	
Warnings:
Note	1003	select `test`.`v1`.`a` AS `a`,`test`.`v1`.`b` AS `b` from `test`.`v1`
EXPLAIN EXTENDED SELECT * from test.v1 where a = 1;
id	select_type	table	type	possible_keys	key	key_len	ref	rows	filtered	Extra
1	SIMPLE	v1	ALL	NULL	NULL	NULL	NULL	3	100.00	Using where
Warnings:
Note	1003	select `test`.`v1`.`a` AS `a`,`test`.`v1`.`b` AS `b` from `test`.`v1` where `test`.`v1`.`a` = 1
EXPLAIN EXTENDED SELECT * from test.v1 where b > 100;
id	select_type	table	type	possible_keys	key	key_len	ref	rows	filtered	Extra
1	SIMPLE	v1	ALL	NULL	NULL	NULL	NULL	3	100.00	Using where
Warnings:
Note	1003	select `test`.`v1`.`a` AS `a`,`test`.`v1`.`b` AS `b` from `test`.`v1` where `test`.`v1`.`b` > 100
EXPLAIN EXTENDED SELECT a, b from test.v1;
id	select_type	table	type	possible_keys	key	key_len	ref	rows	filtered	Extra
1	SIMPLE	v1	ALL	NULL	NULL	NULL	NULL	3	100.00	
Warnings:
Note	1003	select `test`.`v1`.`a` AS `a`,`test`.`v1`.`b` AS `b` from `test`.`v1`
EXPLAIN EXTENDED SELECT b, a from test.v1;
id	select_type	table	type	possible_keys	key	key_len	ref	rows	filtered	Extra
1	SIMPLE	v1	ALL	NULL	NULL	NULL	NULL	3	100.00	
Warnings:
Note	1003	select `test`.`v1`.`b` AS `b`,`test`.`v1`.`a` AS `a` from `test`.`v1`
SELECT * from test.v1;
a	b
1	100
2	200
3	300
SELECT * from test.v1 where a = 1;
a	b
1	100
SELECT * from test.v1 where b > 100;
a	b
2	200
3	300
SELECT a, b from test.v1;
a	b
1	100
2	200
3	300
SELECT b, a from test.v1;
b	a
100	1
200	2
300	3
#
# DIGESTS SEEN ON TABLE
#
SELECT SCHEMA_NAME, DIGEST_TEXT, COUNT_STAR
FROM performance_schema.events_statements_summary_by_digest
ORDER BY DIGEST_TEXT;
SCHEMA_NAME	DIGEST_TEXT	COUNT_STAR
test	EXPLAIN EXTENDED SELECT * FROM `test` . `v1` 	1
test	EXPLAIN EXTENDED SELECT * FROM `test` . `v1` WHERE `a` = ? 	1
test	EXPLAIN EXTENDED SELECT * FROM `test` . `v1` WHERE `b` > ? 	1
test	EXPLAIN EXTENDED SELECT `a` , `b` FROM `test` . `v1` 	1
test	EXPLAIN EXTENDED SELECT `b` , `a` FROM `test` . `v1` 	1
test	SELECT * FROM `test` . `v1` 	1
test	SELECT * FROM `test` . `v1` WHERE `a` = ? 	1
test	SELECT * FROM `test` . `v1` WHERE `b` > ? 	1
test	SELECT `a` , `b` FROM `test` . `v1` 	1
test	SELECT `b` , `a` FROM `test` . `v1` 	1
test	SHOW WARNINGS 	5
test	TRUNCATE TABLE `performance_schema` . `events_statements_summary_by_digest` 	1
DROP TABLE test.v1;
CREATE VIEW test.v1 AS SELECT * FROM test.t1;
EXPLAIN EXTENDED SELECT * from test.v1;
id	select_type	table	type	possible_keys	key	key_len	ref	rows	filtered	Extra
1	SIMPLE	t1	ALL	NULL	NULL	NULL	NULL	3	100.00	
Warnings:
Note	1003	select `test`.`t1`.`a` AS `a`,`test`.`t1`.`b` AS `b` from `test`.`t1`
EXPLAIN EXTENDED SELECT * from test.v1 where a = 1;
id	select_type	table	type	possible_keys	key	key_len	ref	rows	filtered	Extra
1	SIMPLE	t1	ALL	NULL	NULL	NULL	NULL	3	100.00	Using where
Warnings:
Note	1003	select `test`.`t1`.`a` AS `a`,`test`.`t1`.`b` AS `b` from `test`.`t1` where `test`.`t1`.`a` = 1
EXPLAIN EXTENDED SELECT * from test.v1 where b > 100;
id	select_type	table	type	possible_keys	key	key_len	ref	rows	filtered	Extra
1	SIMPLE	t1	ALL	NULL	NULL	NULL	NULL	3	100.00	Using where
Warnings:
Note	1003	select `test`.`t1`.`a` AS `a`,`test`.`t1`.`b` AS `b` from `test`.`t1` where `test`.`t1`.`b` > 100
EXPLAIN EXTENDED SELECT a, b from test.v1;
id	select_type	table	type	possible_keys	key	key_len	ref	rows	filtered	Extra
1	SIMPLE	t1	ALL	NULL	NULL	NULL	NULL	3	100.00	
Warnings:
Note	1003	select `test`.`t1`.`a` AS `a`,`test`.`t1`.`b` AS `b` from `test`.`t1`
EXPLAIN EXTENDED SELECT b, a from test.v1;
id	select_type	table	type	possible_keys	key	key_len	ref	rows	filtered	Extra
1	SIMPLE	t1	ALL	NULL	NULL	NULL	NULL	3	100.00	
Warnings:
Note	1003	select `test`.`t1`.`b` AS `b`,`test`.`t1`.`a` AS `a` from `test`.`t1`
SELECT * from test.v1;
a	b
1	100
2	200
3	300
SELECT * from test.v1 where a = 1;
a	b
1	100
SELECT * from test.v1 where b > 100;
a	b
2	200
3	300
SELECT a, b from test.v1;
a	b
1	100
2	200
3	300
SELECT b, a from test.v1;
b	a
100	1
200	2
300	3
#
# DIGESTS SEEN ON VIEW
#
SELECT SCHEMA_NAME, DIGEST_TEXT, COUNT_STAR
FROM performance_schema.events_statements_summary_by_digest
ORDER BY DIGEST_TEXT;
SCHEMA_NAME	DIGEST_TEXT	COUNT_STAR
test	CREATE VIEW `test` . `v1` AS SELECT * FROM `test` . `t1` 	1
test	DROP TABLE `test` . `v1` 	1
test	EXPLAIN EXTENDED SELECT * FROM `test` . `v1` 	2
test	EXPLAIN EXTENDED SELECT * FROM `test` . `v1` WHERE `a` = ? 	2
test	EXPLAIN EXTENDED SELECT * FROM `test` . `v1` WHERE `b` > ? 	2
test	EXPLAIN EXTENDED SELECT `a` , `b` FROM `test` . `v1` 	2
test	EXPLAIN EXTENDED SELECT `b` , `a` FROM `test` . `v1` 	2
test	SELECT * FROM `test` . `v1` 	2
test	SELECT * FROM `test` . `v1` WHERE `a` = ? 	2
test	SELECT * FROM `test` . `v1` WHERE `b` > ? 	2
test	SELECT SCHEMA_NAME , `DIGEST_TEXT` , `COUNT_STAR` FROM `performance_schema` . `events_statements_summary_by_digest` ORDER BY `DIGEST_TEXT` 	1
test	SELECT `a` , `b` FROM `test` . `v1` 	2
test	SELECT `b` , `a` FROM `test` . `v1` 	2
test	SHOW WARNINGS 	10
test	TRUNCATE TABLE `performance_schema` . `events_statements_summary_by_digest` 	1
DROP VIEW test.v1;
DROP TABLE test.t1;
CREATE TABLE test.v1 (a int, b int);
INSERT INTO test.v1 VALUES (1, 100), (2, 200), (3, 300);
CREATE TABLE test.t1 (a int, b int);
INSERT INTO test.t1 VALUES (1, 100), (2, 200), (3, 300);
TRUNCATE TABLE performance_schema.events_statements_summary_by_digest;
EXPLAIN SELECT * from test.v1;
id	select_type	table	type	possible_keys	key	key_len	ref	rows	Extra
1	SIMPLE	v1	ALL	NULL	NULL	NULL	NULL	3	
EXPLAIN SELECT * from test.v1 where a = 1;
id	select_type	table	type	possible_keys	key	key_len	ref	rows	Extra
1	SIMPLE	v1	ALL	NULL	NULL	NULL	NULL	3	Using where
EXPLAIN SELECT * from test.v1 where b > 100;
id	select_type	table	type	possible_keys	key	key_len	ref	rows	Extra
1	SIMPLE	v1	ALL	NULL	NULL	NULL	NULL	3	Using where
EXPLAIN SELECT a, b from test.v1;
id	select_type	table	type	possible_keys	key	key_len	ref	rows	Extra
1	SIMPLE	v1	ALL	NULL	NULL	NULL	NULL	3	
EXPLAIN SELECT b, a from test.v1;
id	select_type	table	type	possible_keys	key	key_len	ref	rows	Extra
1	SIMPLE	v1	ALL	NULL	NULL	NULL	NULL	3	
SELECT * from test.v1;
a	b
1	100
2	200
3	300
SELECT * from test.v1 where a = 1;
a	b
1	100
SELECT * from test.v1 where b > 100;
a	b
2	200
3	300
SELECT a, b from test.v1;
a	b
1	100
2	200
3	300
SELECT b, a from test.v1;
b	a
100	1
200	2
300	3
#
# DIGESTS SEEN ON TABLE
#
SELECT SCHEMA_NAME, DIGEST, DIGEST_TEXT, COUNT_STAR
FROM performance_schema.events_statements_summary_by_digest
ORDER BY DIGEST_TEXT;
SCHEMA_NAME	DIGEST	DIGEST_TEXT	COUNT_STAR
test	bc007e8d3f588fc0099ceeb707b50e7a	EXPLAIN SELECT * FROM `test` . `v1` 	1
test	b79844714b44b6dbd245272e7c9e46b1	EXPLAIN SELECT * FROM `test` . `v1` WHERE `a` = ? 	1
test	5372ae885cc8e7bf93598b756fe5ac2a	EXPLAIN SELECT * FROM `test` . `v1` WHERE `b` > ? 	1
test	36d0eb0eb755bdf2cc18b0bdab6c67b5	EXPLAIN SELECT `a` , `b` FROM `test` . `v1` 	1
test	545051df39de13279b4088ac94f54e4f	EXPLAIN SELECT `b` , `a` FROM `test` . `v1` 	1
test	4cf22eda8d41b78a5b6573010cd882f8	SELECT * FROM `test` . `v1` 	1
test	4957bc8697872ebb224fa81fac92b461	SELECT * FROM `test` . `v1` WHERE `a` = ? 	1
test	021f34631bccb638a641a71eb33f30ef	SELECT * FROM `test` . `v1` WHERE `b` > ? 	1
test	37f9a0c707746354acead03b9aa35688	SELECT `a` , `b` FROM `test` . `v1` 	1
test	bd73fe57a6a17f7341c2acf445e459fe	SELECT `b` , `a` FROM `test` . `v1` 	1
test	8cbee21c5c16d7162a0569e1f95221af	TRUNCATE TABLE `performance_schema` . `events_statements_summary_by_digest` 	1
DROP TABLE test.v1;
CREATE VIEW test.v1 AS SELECT * FROM test.t1;
EXPLAIN SELECT * from test.v1;
id	select_type	table	type	possible_keys	key	key_len	ref	rows	Extra
1	SIMPLE	t1	ALL	NULL	NULL	NULL	NULL	3	
EXPLAIN SELECT * from test.v1 where a = 1;
id	select_type	table	type	possible_keys	key	key_len	ref	rows	Extra
1	SIMPLE	t1	ALL	NULL	NULL	NULL	NULL	3	Using where
EXPLAIN SELECT * from test.v1 where b > 100;
id	select_type	table	type	possible_keys	key	key_len	ref	rows	Extra
1	SIMPLE	t1	ALL	NULL	NULL	NULL	NULL	3	Using where
EXPLAIN SELECT a, b from test.v1;
id	select_type	table	type	possible_keys	key	key_len	ref	rows	Extra
1	SIMPLE	t1	ALL	NULL	NULL	NULL	NULL	3	
EXPLAIN SELECT b, a from test.v1;
id	select_type	table	type	possible_keys	key	key_len	ref	rows	Extra
1	SIMPLE	t1	ALL	NULL	NULL	NULL	NULL	3	
SELECT * from test.v1;
a	b
1	100
2	200
3	300
SELECT * from test.v1 where a = 1;
a	b
1	100
SELECT * from test.v1 where b > 100;
a	b
2	200
3	300
SELECT a, b from test.v1;
a	b
1	100
2	200
3	300
SELECT b, a from test.v1;
b	a
100	1
200	2
300	3
#
# DIGESTS SEEN ON VIEW
#
SELECT SCHEMA_NAME, DIGEST, DIGEST_TEXT, COUNT_STAR
FROM performance_schema.events_statements_summary_by_digest
ORDER BY DIGEST_TEXT;
SCHEMA_NAME	DIGEST	DIGEST_TEXT	COUNT_STAR
test	0bcd643de80604cb37c2e0253933ba3c	CREATE VIEW `test` . `v1` AS SELECT * FROM `test` . `t1` 	1
test	8ca8b8a7efb8f8b97478fec6030a1631	DROP TABLE `test` . `v1` 	1
test	bc007e8d3f588fc0099ceeb707b50e7a	EXPLAIN SELECT * FROM `test` . `v1` 	2
test	b79844714b44b6dbd245272e7c9e46b1	EXPLAIN SELECT * FROM `test` . `v1` WHERE `a` = ? 	2
test	5372ae885cc8e7bf93598b756fe5ac2a	EXPLAIN SELECT * FROM `test` . `v1` WHERE `b` > ? 	2
test	36d0eb0eb755bdf2cc18b0bdab6c67b5	EXPLAIN SELECT `a` , `b` FROM `test` . `v1` 	2
test	545051df39de13279b4088ac94f54e4f	EXPLAIN SELECT `b` , `a` FROM `test` . `v1` 	2
test	4cf22eda8d41b78a5b6573010cd882f8	SELECT * FROM `test` . `v1` 	2
test	4957bc8697872ebb224fa81fac92b461	SELECT * FROM `test` . `v1` WHERE `a` = ? 	2
test	021f34631bccb638a641a71eb33f30ef	SELECT * FROM `test` . `v1` WHERE `b` > ? 	2
test	d18d02d907eceaf4c41a943306e6d998	SELECT SCHEMA_NAME , `DIGEST` , `DIGEST_TEXT` , `COUNT_STAR` FROM `performance_schema` . `events_statements_summary_by_digest` ORDER BY `DIGEST_TEXT` 	1
test	37f9a0c707746354acead03b9aa35688	SELECT `a` , `b` FROM `test` . `v1` 	2
test	bd73fe57a6a17f7341c2acf445e459fe	SELECT `b` , `a` FROM `test` . `v1` 	2
test	8cbee21c5c16d7162a0569e1f95221af	TRUNCATE TABLE `performance_schema` . `events_statements_summary_by_digest` 	1
DROP VIEW test.v1;
DROP TABLE test.t1;
