for master_1
for child2
for child3

MDEV-26345 SELECT MIN on Spider table returns more rows than expected

set spider_same_server_link= 1;
CREATE SERVER srv FOREIGN DATA WRAPPER mysql
OPTIONS (SOCKET "$MASTER_1_MYSOCK", DATABASE 'test',user 'root');
create table t2 (a int, b int, PRIMARY KEY (a, b));
create table t1 (a int, b int, PRIMARY KEY (a, b)) ENGINE=Spider
COMMENT='WRAPPER "mysql", srv "srv",TABLE "t2"';
insert into t1 VALUES (1,1), (1,2), (2,11);
SELECT MIN(b), a FROM t1 WHERE a=1;
MIN(b)	a
1	1
SELECT MAX(b), a FROM t1 WHERE a<3;
MAX(b)	a
11	1
drop table t1, t2;
create table t2 (a int, b int);
create table t1 ENGINE=Spider
COMMENT='WRAPPER "mysql", srv "srv",TABLE "t2"';
insert into t1 VALUES (1,1), (1,1), (2,2), (2,2);
select distinct count(a) from t1 group by b;
count(a)
2
drop table t1, t2;
drop server srv;
for master_1
for child2
for child3
