SELECT hex(-1e38);
hex(-1e38)
FFFFFFFFFFFFFFFF
SELECT hex(-3e0);
hex(-3e0)
FFFFFFFFFFFFFFFD
SELECT hex(-2e0);
hex(-2e0)
FFFFFFFFFFFFFFFE
SELECT hex(-1e0);
hex(-1e0)
FFFFFFFFFFFFFFFF
SELECT hex(-0.5e0);
hex(-0.5e0)
FFFFFFFFFFFFFFFF
SELECT hex(-10000000000000000000000000000000) AS c6;
c6
FFFFFFFFFFFFFFFF
SELECT hex(-3.0);
hex(-3.0)
FFFFFFFFFFFFFFFD
SELECT hex(-2.0);
hex(-2.0)
FFFFFFFFFFFFFFFE
SELECT hex(-1.0);
hex(-1.0)
FFFFFFFFFFFFFFFF
SELECT hex(-0.5);
hex(-0.5)
FFFFFFFFFFFFFFFF
CREATE TABLE t1 (a DOUBLE);
INSERT INTO t1 VALUES (-1e38),(-3e0),(-2e0),(-1e0),(-0.5e0);
SELECT a, HEX(a) FROM t1 ORDER BY a;
a	HEX(a)
-1e38	FFFFFFFFFFFFFFFF
-3	FFFFFFFFFFFFFFFD
-2	FFFFFFFFFFFFFFFE
-1	FFFFFFFFFFFFFFFF
-0.5	FFFFFFFFFFFFFFFF
DROP TABLE t1;
CREATE TABLE t1 (a DECIMAL(40,1));
INSERT INTO t1 VALUES (-10000000000000000000000000000000),(-3),(-2),(-1),(-0.5);
SELECT a, HEX(a) FROM t1 ORDER BY a;
a	HEX(a)
-10000000000000000000000000000000.0	FFFFFFFFFFFFFFFF
-3.0	FFFFFFFFFFFFFFFD
-2.0	FFFFFFFFFFFFFFFE
-1.0	FFFFFFFFFFFFFFFF
-0.5	FFFFFFFFFFFFFFFF
DROP TABLE t1;
