# restart: with restart_parameters
select @@hashicorp_key_management_namespace;
@@hashicorp_key_management_namespace
"ns1"
CREATE TABLE t1 (a VARCHAR(8)) ENGINE=InnoDB ENCRYPTED=YES ENCRYPTION_KEY_ID=11;
INSERT INTO t1 VALUES ('foo'),('bar');
# restart: with restart_parameters
select @@hashicorp_key_management_namespace;
@@hashicorp_key_management_namespace
"ns1"
CREATE TABLE t2 (a VARCHAR(8)) ENGINE=InnoDB ENCRYPTED=YES ENCRYPTION_KEY_ID=12;
INSERT INTO t2 VALUES ('foo'),('bar');
SELECT * FROM t1;
a
foo
bar
SELECT * FROM t2;
a
foo
bar
DROP TABLE t1, t2;
# restart
